"url","username","password","httpRealm","formActionOrigin","guid","timeCreated","timeLastUsed","timePasswordChanged"
"chrome://FirefoxAccounts","99dcf1b2582447c3aa65d271f1b259b3","{""version"":1,""accountData"":{""scopedKeys"":{""https://identity.mozilla.com/apps/oldsync"":{""kid"":""1706927119152-wK2qZ108Wc3ebBJx3xMsGg"",""k"":""WT19UEBzcTV1gJP4UHa_PV7gFknwgAN21gN54jBjlrP64SjW1fJl9rgJK6PmiZ1EEPmD5R85d52fDSY4qtKWlw"",""kty"":""oct""}}}}","Firefox Accounts credentials",,"{f85228e1-fab9-4984-ac1d-212c1113add2}","1708786569093","1708786569093","1708786569803"
"https://accounts.firefox.com","queganjaren@gmail.com","@L03e1t3",,"https://accounts.firefox.com","WNHLdPyDQUzk","1708786572739","1708786572739","1708786572739"
"https://odc.officeapps.live.com","queganjaren_bscs_ms@csucarig.edu.ph","@l03e1t3-+",,"","{028c3960-ffeb-4057-b64a-b0950b63fc4f}","1708715976513","1708786574623","1708715976513"
"https://www.facebook.com","Chita.quegan","Chitaquegan26",,"","{02cbc679-2fd8-4299-aeb4-5fa6f03ec0df}","1708715976492","1708786574624","1708715976492"
"https://appleid.apple.com","queganjaren@gmail.com","Bj58nqfe",,"","{06a95178-ac52-4a0b-b912-fc8d6b76f113}","1708715976469","1708786574625","1708715976469"
"https://pngtree.com","queganjaren29@gmail.com","@l03e1t3-",,"","{0c0c3ef5-69ed-4ba1-a445-b546a2ec4d8e}","1708715976525","1708786574625","1708715976525"
"https://www.dreamstime.com","queganjaren29@gmail.com","Bj58nqfe",,"","{0de7ee45-2601-489d-818f-2eb37d53abe5}","1708715976488","1708786574626","1708715976488"
"https://freedb.tech","freedb_Jarenquegan","Bk!4hQqG82ZmUbm",,"","{0f9495a0-1b72-40c5-bf8a-bf8438141fc0}","1708715976500","1708786574627","1708715976500"
"https://com.netflix.mediaclient","sumner.lauren@gmail.com","Palmtree8!",,"","{11aad0bb-ca66-4591-a6c1-f1c5b5f83f23}","1708715976523","1708786574627","1708715976523"
"http://192.168.0.1","queganjaren@gmail.com","admin",,"http://192.168.0.1","{11e0c26f-f126-4016-ba57-30bd41a97142}","1708715976535","1715724704130","1715724704130"
"https://ph.com.globe.globeonesuperapp","queganjaren@gmail.com","@L03e1t3+",,"","{1515810e-23ba-48c0-847d-eef616498b05}","1708715976502","1708786574628","1708715976502"
"https://dash.infinityfree.com","queganjaren@gmail.com","Earthshaker29",,"https://dash.infinityfree.com","{15b6c7d5-3e79-4493-ab07-5110b72a81f7}","1708715976510","1719049400013","1716349183259"
"http://192.168.68.177","queganjaren@gmail.com","'",,"","{16d64ef3-c44c-4ed1-b682-8bfeeb56b491}","1708715976553","1708786574630","1708715976553"
"https://accounts.google.com","queganjaren929@gmail.com","Bj58nqfe",,"","{194220b2-4f17-42d7-aa86-ef7bed8b237b}","1708715976508","1713155086425","1708715976508"
"https://192.168.254.254","Ren Gutierrez","Bj58nqfe",,"","{1d279378-e1c4-41b7-bbb0-d1a7e1b47062}","1708715976547","1708786574631","1708715976547"
"https://free.facebook.com","queganjaren@gmail.com","@l03e1t3#",,"","{1deecf98-9cb0-40fb-bc7d-cfd64afd2123}","1708715976497","1709384945521","1708715976497"
"https://192.168.254.254","Rennn","Bj58nqfe",,"","{1dfde8c4-c860-450a-85a7-80d7077e9e06}","1708715976548","1708786574633","1708715976548"
"https://192.168.254.254","user","@l03e1t3",,"","{20a0e506-d5f4-4cbf-b0ee-3b2a1f519d30}","1708715976551","1708786574634","1708715976551"
"https://auth.riotgames.com","jarenquegan","H8T8BGFL74G",,"","{2230031d-b959-43ab-b1e7-bd08b5dfcf87}","1708715976527","1708786574635","1708715976527"
"https://com.twitter.android","jarenquegan","@l03e1t3",,"","{24540ec7-bccf-4798-b2d7-27573fade794}","1708715976530","1708786574635","1708715976530"
"http://mcusaga.42web.io","renatoquegan","'",,"","{2858cd63-972f-4664-bdbc-6fea48b81437}","1708715976553","1708786574636","1708715976553"
"https://com.windscribe.vpn","Jarenquegan","Bj58nqfe",,"","{2905cca0-763a-46a7-9e28-37ba4ad96055}","1708715976531","1708786574636","1708715976531"
"http://192.168.68.177","ChandlerBing","'",,"","{293e4405-b217-4db7-8da7-748554e9e4de}","1708715976552","1708786574638","1708715976552"
"https://online.csu.edu.ph","jarenquegan","Bj58nqfe-",,"","{2b1486e9-ec6f-4e70-9001-09f46be6522e}","1708715976481","1708786574638","1708715976481"
"http://192.168.0.117","queganjaren@gmail.com","'",,"","{2b78817c-9a6f-4836-b11c-2fc175262972}","1708715976541","1708786574639","1708715976541"
"https://us.zoom.videomeetings","queganjaren@gmail.com","Bj58nqfe",,"","{2c7341fe-1fcb-4de8-a31e-fbab10938313}","1708715976533","1708786574640","1708715976533"
"https://www.paypal.com","queganjaren@gmail.com","Bj58nqfe",,"","{305fbe62-0228-40c0-87a8-ac647ba94908}","1708715976524","1708786574640","1708715976524"
"https://www.db4free.net","jarenquegan","@l03e1t3",,"","{32a1a21c-f7c9-4f60-abbd-8ebf03510267}","1708715976485","1708786574641","1708715976485"
"https://login.live.com","queganjaren@gmail.com","Earthshaker29",,"","{33db7e58-c99e-4ade-bf19-fa8df224b7b1}","1708715976514","1708786574641","1708715976514"
"https://192.168.254.254","IMEI UNLOCK","Bj58nqfe",,"","{357e41d4-d4b9-4cbf-b8c9-6240c2af1fda}","1708715976545","1708786574643","1708715976545"
"https://com.paprbit.dcoder","queganjaren@gmail.com","@l03e1t3",,"","{37dc97ee-ea58-44d9-b3f0-c2f8dc4b69ab}","1708715976523","1708786574643","1708715976523"
"https://github.com","queganjaren@gmail.com","@l03e1t3+",,"","{3819d175-2797-4f50-b234-3dd2b8278010}","1708715976502","1719967780847","1708715976502"
"https://new.edmodo.com","tonyalejandro","@l03e1t3-",,"","{39eb47cb-3292-42c4-89eb-5fc99140da15}","1708715976489","1708786574644","1708715976489"
"https://alldebrid.com","Jarenquegan","Bj58nqfe",,"","{3b231e66-9609-4bed-b922-1a4fbeb8ace7}","1708715976451","1708786574645","1708715976451"
"https://pngtree.com","jarenquegan29","@l03e1t3-",,"","{3c201597-bc03-4ba1-a619-a08bc1298417}","1708715976525","1708786574646","1708715976525"
"https://m.facebook.com","queganjaren@gmail.com","@L03e1t3",,"https://m.facebook.com","roB7QemDwusq","1708715976497","1708786574646","1721485049264"
"https://www.amazon.com","queganjaren@gmail.com","@l03e1t3",,"","{40b76993-f135-42c0-970f-1b25f9be6194}","1708715976452","1708786574647","1708715976452"
"https://www.teacherspayteachers.com","queganjaren@gmail.com","Bj58nqfe",,"","{42a596da-4164-4bc9-857f-f967c74ff6f6}","1708715976529","1708786574647","1708715976529"
"https://www.db4free.net","queganjaren","@l03e1t3",,"","{4425be90-c706-4a5e-b29d-8c3c08020954}","1708715976486","1708786574648","1708715976486"
"https://users.wix.com","queganjaren@gmail.com","@l03e1t3-",,"","{449fb3d2-243f-4486-809c-2b403b75cf0c}","1708715976532","1708786574648","1708715976532"
"https://com.osp.app.signin","queganjaren@gmail.com","Bj58nqfe",,"","{44fbcdf2-f162-4265-9a16-37469dc5f2ee}","1708715976461","1708786574649","1708715976461"
"https://www.deviantart.com","Jarenquegan","Bj58nqfe",,"","{46849fcd-ae3d-416a-9288-5e422437eae8}","1708715976486","1710763582648","1708715976486"
"https://hashan.haze.booleantt","queganjaren@gmail.com","@l03e1t3",,"","{46aef51f-d46a-42d0-ad58-eb216ee17289}","1708715976508","1708786574650","1708715976508"
"http://192.168.0.117","Yydtf","hezhix-8caCmy-nyrdef",,"","{4998328c-8523-4e09-99ce-4b38ba801c0f}","1708715976542","1708786574650","1708715976542"
"https://databases.000webhost.com","id20981369_jarenquegan","@L03e1t3",,"","{49af45c0-45bb-489f-b61f-42da8669db6c}","1708715976534","1708786574651","1708715976534"
"https://mtacc.mobilelegends.com","queganjaren29@gmail.com","Bj58nqfe-",,"","{4a22935a-d016-4d28-8de8-606802895977}","1708715976519","1708786574651","1708715976519"
"http://192.168.1.48","Ryan","tyan",,"","{4feab781-5b85-4f89-afbf-c944ebb4d83b}","1708715976542","1708786574652","1708715976542"
"https://com.instagram.android","queganjaren@gmail.com","Bj58nqfe",,"","{4ff372c0-f3b1-4eb7-8c59-a38f1d3f0164}","1708715976511","1708786574652","1708715976511"
"https://login.live.com","queganjaren_bscs_ms@csucarig.edu.ph","@l03e1t3-+",,"","{53f8589a-81f0-4498-8b47-2944ccc49a3c}","1708715976513","1708786574653","1708715976513"
"https://free.facebook.com","jaren.quegan","@l03e1t3-",,"","{54716777-083a-4426-b882-4adc30d8b661}","1708715976494","1708786574654","1708715976494"
"https://192.168.254.254","GlobeAtHome_XTC9","H8T8BGFL74G",,"","{56d0fc4d-77d8-4e79-bc2c-7cb6256c1d0d}","1708715976544","1708786574656","1708715976544"
"https://192.168.0.116","queganjarennodp@gmail.com","1",,"","{570deadd-9110-4d8f-a094-ab00b36fc643}","1708715976538","1708786574657","1708715976538"
"https://com.facebook.katana","queganjaren@gmail.com","@l03e1t3##",,"","{57ec8865-0853-4c64-967e-67fe95f3510d}","1708715976499","1708786574657","1708715976499"
"https://databases.000webhost.com","jarenquegan","@L03e1t3",,"","{57fcaf26-a697-4f86-9968-279ff45483d7}","1708715976534","1708786574658","1708715976534"
"https://powermaccenter.com","queganjaren@gmail.com","@L03e1t3",,"","{5934a391-5f33-479f-8f75-539373e20c2e}","1708715976526","1708786574658","1708715976526"
"https://free.facebook.com","Chita.quegan","Chitaquegan26",,"","{593c8779-8282-49b3-8b82-098a52b3fec3}","1708715976491","1708786574659","1708715976491"
"https://filestash.infinityfree.com","epiz_34349530","bDeaU0pQCVqW29",,"","{5942311b-d69f-4a08-ad1f-7df61226dbc0}","1708715976509","1708786574660","1708715976509"
"https://db4free.net","jarenquegan","#40511986",,"","{652219cc-d5dd-4911-a131-d421b26a09fd}","1708715976484","1708786574660","1708715976484"
"https://www.phpmyadmin.co","sql12626442","Bj7r9LL3IH",,"","{67108342-3e63-48fe-84ba-40967aada3dc}","1708715976524","1708786574661","1708715976524"
"https://www.messenger.com","queganjaren@gmail.com","@L03e1t3",,"","{67a5f219-fb1b-423b-ba67-c16333ea8d5b}","1708715976518","1709385622887","1708715976518"
"https://idmsa.apple.com","shanniavelasquez@icloud.com","Shanniavelasquez15",,"","{6a9f6a9b-2a31-43d6-a75a-d025d2c24e93}","1708715976473","1708786574662","1708715976473"
"https://register.mediabridge.cc","queganjaren@gmail.com","EARTHSHAKER",,"","{6e43092c-74f7-471e-a641-ac4ce78abd87}","1708715976517","1708786574662","1708715976517"
"https://com.discord","queganjaren@gmail.com","@l03e1t3+",,"","{6e93e7eb-89cd-4c56-a392-7934a2d02eb3}","1708715976479","1708786574663","1708715976479"
"https://www.lbpiaccess.com","JarenQuegan929","Earthshaker29",,"","{6f34ea75-345e-4b25-821e-cf361bfee826}","1708715976512","1709725771650","1708715976512"
"https://com.merriamwebster","queganjaren@gmail.com","@l03e1t3",,"","{79784944-b78b-4d78-a269-73b2812eda7d}","1708715976479","1708786574663","1708715976479"
"https://account.xiaomi.com","+639260876816","@l03e1t3-",,"","{79d35ab9-a72f-4c9b-a9d9-2ba8ae280b47}","1708715976532","1708786574664","1708715976532"
"http://localhost:8080","root","@L03e1t3",,"","{7cfc559b-86a1-4179-bbab-8a210aaa9305}","1708715976516","1708786574664","1708715976516"
"https://api.edmodo.com","queganjaren@gmail.com","@l03e1t3-",,"","{80a1ee71-7e3c-4be9-a427-c59a42643226}","1708715976488","1708786574665","1708715976488"
"http://localhost","jarenquegan","@L03e1t3",,"","{80bf65a4-2b43-476b-85ff-f2f582ce24b6}","1708715976514","1726805060215","1708715976514"
"https://www.db4free.net","jarenquegan929","#40511986",,"","{83620882-e235-4206-942b-35bace384597}","1708715976485","1708786574666","1708715976485"
"https://free.facebook.com","bot.roii","EARTHSHAKER",,"","{8393bf99-d149-4897-8675-9228abd33a82}","1708715976490","1708786574667","1708715976490"
"https://earexplode.42web.io","JarenQuegan","@l03e1t3+",,"","{84a35890-4e82-4319-ab0b-1f3f446d1ded}","1708715976553","1708786574668","1708715976553"
"http://127.0.0.1","queganjaren@gmail.com","'",,"","{895721d5-84d3-4fe2-89e1-f8ba9a86d120}","1708715976535","1708786574668","1708715976535"
"http://localhost","queganjaren@gmail.com","'",,"","{8977b0f7-47db-4b50-94b6-36bb4e813aa9}","1708715976516","1708786574669","1708715976516"
"https://com.clrb.ecebuana2","queganjaren@gmail.com","@L03e1t3",,"","{8d4368e5-c030-4a59-ac09-c69a39db3eeb}","1708715976478","1708786574669","1708715976478"
"http://127.0.0.1","JarenQuegan29","1",,"","{926d50e1-b871-40eb-afe8-5f77077cce17}","1708715976534","1708786574670","1708715976534"
"https://web.facebook.com","queganjaren@gmail.com","@L03e1t3",,"","{92abee8b-c03b-4def-a000-8df819c9da45}","1708715976495","1725767716826","1708715976495"
"https://www.facebook.com","queganjaren@gmail.com","@L03e1t3",,"https://www.facebook.com","{9591ce25-0fc5-4e69-bd29-9e519652af22}","1708715976498","1726220173617","1723118574475"
"https://phpmyadmin.freedb.tech","freedb_Jarenquegan","Bk!4hQqG82ZmUbm",,"","{95e3c104-c63f-431b-b60e-4986fe255cab}","1708715976500","1708786574672","1708715976500"
"https://app.humata.ai","queganjaren@gmail.com","@l03e1t3+",,"","{9793b8de-b85d-4479-ad57-ae15edfd4e09}","1708715976509","1708786574672","1708715976509"
"https://www.freemysqlhosting.net","queganjaren@gmail.com","@l03e1t3",,"","{99ad7d7c-4617-4a98-be61-046f1839ab2b}","1708715976501","1708786574673","1708715976501"
"http://192.168.0.117","PeterGriffin","peter",,"","{9a26b36f-343d-42bf-a24b-ba7aa1541a47}","1708715976540","1708786574674","1708715976540"
"https://royalurls.com","jarenquegan","EARTHSHAKER",,"","{9bace2d3-2b2c-4b97-beda-984ff467f218}","1708715976527","1708786574674","1708715976527"
"https://accounts.reddit.com","queganjaren@gmail.com","@L03e1t3",,"","{9f23e556-349f-4029-aa9c-d2f7d3eabee2}","1708715976527","1708786574674","1708715976527"
"https://www.numerade.com","queganjaren@gmail.com","@l03e1t3",,"","{a7cc05b6-9526-4ab5-bccd-5cb8e01b03b4}","1708715976523","1708786574675","1708715976523"
"https://com.netflix.mediaclient","fridayoooi@kurimao.link","000000",,"","{a9631104-2148-4b7f-8c33-d11030059b43}","1708715976520","1708786574676","1708715976520"
"https://www.reddit.com","queganjaren@gmail.com","@L03e1t3",,"","{aa147caf-30f0-499f-86c3-e083204f5b2e}","1708715976526","1708794204478","1708715976526"
"https://free.facebook.com","09651480633","Bj58nqfe",,"","{aae112f1-caa7-4bab-b0a1-697627f1f3cc}","1708715976489","1708786574678","1708715976489"
"https://mcuflix.tech","queganjaren@gmail.com","'",,"","{ab49f3d3-5bcd-4630-9b3f-3258b9bd7fc1}","1708715976517","1708786574678","1708715976517"
"https://discord.com","9260876816","@L03e1t3+",,"","{ad28d153-9386-42c5-9bf9-7bac358ced60}","1708715976487","1708786574678","1708715976487"
"https://web.facebook.com","jaren.quegan","@l03e1t3-",,"","{adf56cf3-d560-4df2-829b-627b4dda810c}","1708715976492","1725705418544","1708715976492"
"https://portal.csucarig.edu.ph","21-20361","Uaiq",,"","{afa32632-e1f5-4495-ab21-198f4ab361b8}","1708715976482","1710976570728","1708715976482"
"https://login3.id.hp.com","queganjaren@gmail.com","@l03e1t3",,"","{b0dd22d4-a7e4-4b42-a4cf-b08759125bea}","1708715976509","1708786574680","1708715976509"
"https://login.microsoftonline.com","queganjaren_bscs_ms@csucarig.edu.ph","@l03e1t3-+",,"https://login.microsoftonline.com","{b0f22bde-212d-4288-bd6c-e15f449c9b39}","1708715976519","1708864951140","1708864951140"
"https://signup.zumastar.com","queganjaren@gmail.com","EARTHSHAKER",,"","{b12da7e6-ae8d-4813-bde7-07a15f18a609}","1708715976533","1708786574681","1708715976533"
"https://accounts.google.com","jaren.quegan29@gmail.com","Earthshaker29",,"","{b300d7ac-08e0-4026-a431-e80c6192b8af}","1708715976503","1708786574681","1708715976503"
"https://www.facebook.com","jaren.quegan","@l03e1t3-",,"","{b43359bb-23b7-49d4-95cc-b13229870e7a}","1708715976494","1726215019523","1708715976494"
"https://portal.csucarig.edu.ph","20-01250","W70P",,"","{b4b3a501-f62f-41bd-a428-cdf444952dc4}","1708715976482","1708786574683","1708715976482"
"https://com.twitter.android","queganjaren@gmail.com","Bj58nqfe",,"","{b4d2e399-aebb-4f5c-87dc-de7b391d560c}","1708715976531","1708786574684","1708715976531"
"https://192.168.254.254","EPROTTORPE","Bj58nqfe",,"","{b8083e0f-0d01-494a-8c22-2e65988c8c17}","1708715976543","1708786574686","1708715976543"
"https://accounts.google.com","queganjaren29@gmail.com","Earthshaker29",,"","{b93efa78-901e-4e01-9e83-8bd61a5e9dd0}","1708715976506","1716151045247","1708715976506"
"https://demo.phpmyadmin.net","jaren","root",,"","{ba9df693-1604-48b3-a6e5-775ea7976025}","1708715976524","1708786574688","1708715976524"
"https://accounts.google.com","queganjaren@gmail.com","@l03e1t3+",,"https://accounts.google.com","{bbf026ed-c172-4590-9a1b-d3bd8f43d9bf}","1708715976504","1716348144969","1708715976504"
"https://ph.com.globe.one","queganjaren@gmail.com","@l03e1t3Q",,"","{c0b1cdf0-06a4-4073-88d7-652c62a601af}","1708715976502","1708786574689","1708715976502"
"https://signup.live.com","1800024@usl.edu.ph","@l03e1t3+",,"","{c1f600e9-a213-4d45-988b-6673defbde69}","1708715976512","1708786574690","1708715976512"
"https://www.shutterstock.com","queganjaren@gmail.com","EARTHSHAKER",,"","{c26800a0-89bf-4ba9-b555-9858fee87866}","1708715976528","1708786574690","1708715976528"
"https://192.168.0.116","JarenQuegan","'",,"","{c2a998e3-e8bd-47f2-a6ed-e72b58c47990}","1708715976537","1708786574691","1708715976537"
"https://phpmyadmin.freedb.tech","jarenquegan","@l03e1t3",,"","{c5560ee3-8511-45d9-b1db-3ee2bb796cff}","1708715976501","1708786574692","1708715976501"
"https://ofes.csucarig.edu.ph","21-21250C","Lg22",,"","{c58f07c9-0c34-4f1e-9e09-6c158bbea92d}","1708715976483","1718874129639","1708715976483"
"https://192.168.0.116","bingchandler@live.com","'",,"","{c6714304-9d07-4f00-afa2-4852c87a3cb6}","1708715976536","1708786574693","1708715976536"
"https://com.paypal.android.p2pmobile","queganjaren@gmail.com","Bj58nqfe",,"","{c6cd6b0b-a911-4320-b04d-8a61c430c3d4}","1708715976454","1708786574693","1708715976454"
"https://www.shutterstock.com","queganjaren29@gmail.com","EARTHSHAKER",,"","{c7358178-64da-4b85-a0cc-1f097e48d14a}","1708715976529","1708786574694","1708715976529"
"https://192.168.0.116","root","root",,"","{cba1890a-c366-43f2-9292-fc58d170451b}","1708715976540","1708786574695","1708715976540"
"https://discord.com","queganjaren@gmail.com","@L03e1t3+",,"","{cc9b993e-2c7c-45c2-b652-770126de84a5}","1708715976487","1710621505007","1708715976487"
"https://192.168.0.116","Gabriela","ella",,"","{cd74ee6d-9392-4416-9e5f-9e35e1ddb298}","1708715976536","1708786574697","1708715976536"
"https://192.168.1.1","admin","Choquick23",,"","{ce761e0e-0cd0-41dd-8a60-499991363d73}","1708715976542","1708786574697","1708715976542"
"https://com.netflix.mediaclient","icedwhitechocolatedream@mainlysky.ga","mnbvcx",,"","{d2697a78-5e06-4342-92d8-8a562ad148a2}","1708715976521","1708786574699","1708715976521"
"https://csu.edu.ph","2020-10689","MMGKBIP0",,"","{d2754926-dffd-4e40-9213-d15f79f532d4}","1708715976480","1708786574699","1708715976480"
"https://www.instagc.com","jarenquegan","EARTHSHAKER",,"","{d47c0326-3fe9-43d9-b8e6-a2ddc2515cd1}","1708715976511","1708786574699","1708715976511"
"https://app.leonardo.ai","queganjaren29@gmail.com","@L03e1t3+",,"","{d49aaf3e-37b5-4d28-966b-ee52f1b674a5}","1708715976512","1710768540861","1708715976512"
"https://accountscenter.facebook.com","queganjaren@gmail.com","@L03e1t3",,"","{d6c6df18-488e-46f9-a6fe-3a9aa3991866}","1708715976496","1708786574700","1708715976496"
"https://192.168.254.254","Chocolate Z99","Bj58nqfe99",,"","{d84acbb5-633f-43df-a8b7-d15f456d651c}","1708715976543","1708786574702","1708715976543"
"https://portal.csucarig.edu.ph","21-21250C","Lg22",,"","{d8fccf50-e9ef-4fe5-86b3-fa32c65c67e5}","1708715976484","1721198323169","1708715976484"
"https://com.twitter.android","Jarenquegan","Bj58nqfe",,"","{d9654c2f-eb33-4ff6-b1b4-0ab3386f11f2}","1708715976530","1708786574704","1708715976530"
"http://localhost","johndoe","'",,"","{d9c95e31-8233-45c0-b360-b3be003b0635}","1708715976515","1708786574705","1708715976515"
"https://filestash.infinityfree.com","queganjaren@gmail.com","quegan_jaren",,"","{da834937-7bb9-4e98-aba8-0e84cc41cdd0}","1708715976510","1708786574706","1708715976510"
"https://com.facebook.katana","renato.quegan","Bj58nqfe",,"","{dabe49b1-f356-4081-bb33-0806d3d81bdd}","1708715976499","1708786574707","1708715976499"
"https://accounts.google.com","queganchita@gmail.com","Bj58nqfe",,"","{db8b36d4-0121-4513-a4e8-98da202e7b53}","1708715976503","1708787898470","1708715976503"
"https://com.netflix.mediaclient","somali249@cobain01.cf","fillbill00_",,"","{de9db7e8-3e87-4e41-af91-deac5819a6cc}","1708715976522","1708786574710","1708715976522"
"https://auth.services.adobe.com","queganjaren@gmail.com","Bj58nqfe",,"","{e34100d9-ece7-4105-bef1-82f10baf35d2}","1708715976450","1725304028139","1708715976450"
"https://www.sammobile.com","Jarenquegan","@l03e1t3+",,"","{e8c248d8-2005-409c-b33f-337f7dde375e}","1708715976528","1708786574710","1708715976528"
"https://www.mathworks.com","Quegan","@L03e1t3",,"","{e8e61a6a-6897-4d7f-b8c6-b90f6a31281b}","1708715976516","1708786574711","1708715976516"
"https://www.mediafire.com","queganjaren29@gmail.com","Bj58nqfe",,"","{ed5b6d7b-805e-4eac-b92b-63dbec5aa0f5}","1708715976518","1708786574711","1708715976518"
"https://www.ipl.org","queganjaren@gmail.com","H8T8BGFL74G",,"","{ef4529c1-83c5-4491-bbf3-0636811a4955}","1708715976511","1708786574712","1708715976511"
"https://www.netflix.com","sumner.lauren@gmail.com","Palmtree8!",,"","{f1789917-b2e0-4e84-b5d8-ceabefd00d83}","1708715976519","1708786574712","1708715976519"
"https://192.168.26.202","root","root",,"","{f28f1848-6ba3-4252-99e6-522852812c77}","1708715976551","1708786574712","1708715976551"
"https://com.smart.consumer.app","0948 004 9220","Earthshaker29",,"","{f4cae3e7-c08e-40e9-a9af-f58059ca2353}","1708715976480","1708786574713","1708715976480"
"https://ankiweb.net","queganjaren@gmail.com","@l03e1t3",,"","{f6283680-a76d-4217-a0d2-3eaad277d520}","1708715976460","1708786574713","1708715976460"
"https://com.xiaomi.account","queganjaren@gmail.com","@l03e1t3+",,"","{fab6a3e6-2e64-4331-9583-d97725ade5ce}","1708715976532","1708786574714","1708715976532"
"https://www.mediafire.com","queganjaren@gmail.com","Bj58nqfe",,"","{fb69e565-d06d-4d11-b43c-6670c892aa36}","1708715976517","1708786574714","1708715976517"
"https://www.canva.com","cicew13469@eosfeed.com","cicew13469@",,"","{fd20425b-5ea5-4559-8e3c-d7291de35a11}","1708715976474","1708786574715","1708715976474"
"https://docs.google.com","queganjaren@gmail.com","@l03e1t3+",,"","{fd304148-e011-4ad6-8e2b-5aacfa4f4041}","1708715976505","1708786574715","1708715976505"
"https://web.facebook.com","Chita.quegan","Chitaquegan26",,"","{fd8eb69b-4aae-4e8c-8440-3e4d03ee9de5}","1708715976490","1708786574716","1708715976490"
"https://lens.csuandrews.net","20-01250","Bj58nqfe-",,"","{fde95b48-5a51-444a-ba51-d52dea8e0714}","1708715976481","1708786574716","1708715976481"
"https://www.lbpiaccess.com","","403297",,"https://www.lbpiaccess.com","{3c33e232-3f55-4b93-88fd-945e394cc085}","1708939773638","1709725778620","1708939773638"
"https://www.imei.info","queganjaren@gmail.com","@L03e1t3",,"https://www.imei.info","{6bfefe81-2052-4f47-b529-9865f1094bfd}","1709301590953","1709302578680","1709301590953"
"http://localhost","root","@L03e1t3",,"http://localhost","{bf5ff1c9-5925-443c-864e-81897c47270d}","1709382488287","1726805383073","1709382488287"
"https://auth.turbosquid.com","queganjaren@gmail.com","@L03e1t3",,"https://auth.turbosquid.com","{77e27b90-79d7-4aad-bea8-2f06578ffaca}","1714429903409","1714429903409","1714429903409"
"https://academy.networkchuck.com","","@L03e1t3",,"https://academy.networkchuck.com","{4d4ed4d2-f98a-45f4-87fe-eabdedc56b11}","1715204997876","1715204997876","1715204997876"
"https://www.blendswap.com","queganjaren@gmail.com","@l03e1t3",,"https://www.blendswap.com","{284a6e97-758f-4533-90f5-419a44b510b9}","1715608877200","1715608993231","1715608877200"
"http://192.168.0.1","","@l03e1t3",,"http://192.168.0.1","{39497573-3b9d-4d6c-8dc4-f8208cf68a29}","1715814624840","1725179849004","1715814624840"
"https://profile.oracle.com","queganjaren@gmail.com","@L03e1t3",,"https://profile.oracle.com","{48bd151e-a8e4-40b6-a50d-1362d0b38335}","1716274497089","1716274497089","1716274497089"
"https://signon.oracle.com","queganjaren@gmail.com","@L03e1t3",,"https://signon.oracle.com","{48ee0a40-a7cb-46b3-9405-6cf54eb4fa3a}","1716274576456","1716274576456","1716274576456"
"http://localhost","JarenQuegan","@L03e1t3",,"http://localhost","{7397bb52-b463-4ef7-8fad-67ca3308332e}","1716328603115","1725330198714","1716328603115"
"http://192.168.1.39","Jarenquegan","@L03e1t3",,"http://192.168.1.39","{17de6908-eb4e-4620-8202-7d7bdc13afd9}","1716370295181","1716370295181","1716370295181"
"http://192.168.0.140","jarenquegan","@L03e1t3",,"http://192.168.0.140","{4b3b8cc2-2428-4fcc-90ec-72cd9d1996a5}","1717025911531","1717025911531","1717025911531"
"http://mcuflixapp.42web.io","jarenquegan","@L03e1t3",,"http://mcuflixapp.42web.io","{30e6f30d-4ca1-4c16-9b9b-30a85a413ad3}","1719049723987","1719049723987","1719049723987"
"https://app.zoom.us","https://us02st1.zoom.us/web_client/wg3ja0w","csu",,"https://app.zoom.us","{1827d08e-6acc-4adc-a4ef-d6f2ce852886}","1719054394893","1719054394893","1719054394893"
"http://localhost","Luna","aaaaaaaa",,"http://localhost","{c0f2532c-122c-48f3-bc5f-12e487982551}","1719276859789","1719276859789","1719276859789"
"https://etravel.gov.ph","queganjaren@gmail.com","@L03e1t3",,"https://etravel.gov.ph","{c87ff4c3-98ac-44b9-8f41-a9b26858842e}","1719556243438","1719556243438","1719556243438"
"https://172.168.1.10:4455","jquegan","@L03e1t3",,"https://172.168.1.10:4455","{d8ba5c0b-1e48-4307-8d1e-412078f0bade}","1721373519945","1724197779468","1721373555934"
"https://syn4-4ndtedpfklb24ysh2ys4gbsavy-172-168-1-10.dost02record.direct.quickconnect.to","root","#On3@dm!nI5tr4t0r",,"https://syn4-4ndtedpfklb24ysh2ys4gbsavy-172-168-1-10.dost02record.direct.quickconnect.to","{c67b41c7-306e-442c-bad6-d10e01ff83a9}","1721638278892","1724201901073","1721638278892"
"https://www.linkedin.com","","@l03e1t3-",,"https://www.linkedin.com","{fd83934c-b42d-4c92-9588-4eeca767314f}","1722258475755","1722258514177","1722258475755"
"http://localhost","adiandres","@L03e1t3",,"http://localhost","{73a5f9d5-52d3-48b5-8ab8-9d563508dcfe}","1722399348928","1726805068042","1722399348928"
"file://","jarenquegan","@L03e1t3",,"file://","{8e63e7ec-ee4c-4eda-9af5-81fe32e80ee4}","1723460102179","1723537292039","1723460102179"
"http://localhost:3000","jarenquegan","@L03e1t3",,"http://localhost:3000","{3ce1d36b-a91c-4f4a-82fc-bc509c4dd9f7}","1723513628732","1723531017483","1723513628732"
"http://localhost:3000","jarenq","@L03e1t3",,"http://localhost:3000","{b7933c4f-a398-47ac-8651-184a194af175}","1723516052274","1723531021536","1723516052274"
"http://localhost:3000","jarenquegan1","@L03e1t3",,"http://localhost:3000","{3f683135-9135-4df2-aa56-b12ff3a8186b}","1723517287755","1723519894465","1723517287755"
"http://localhost","admin","admin",,"http://localhost","{bd28a04b-633f-44e7-8122-66369e733a50}","1723703575558","1726587541110","1723703575558"
"http://192.168.8.1","User","User",,"http://192.168.8.1","{1f4e2bf6-b764-48e5-b7f6-ff7699dbe986}","1723801353425","1723801353425","1723801353425"
"http://192.168.8.1","Admin","Converge@yotc123",,"http://192.168.8.1","{3ae0c60e-d682-437b-ad76-1d728ea40b0e}","1723835532871","1726738539746","1723835532871"
"http://192.168.8.2","user","@L03e1t3",,"http://192.168.8.2","{6922b271-b46b-4dcf-a619-9c1f94e38dc5}","1724065223937","1726483066056","1724065223937"
"http://172.168.1.10:9995","jarenquegan","@L03e1t3",,"http://172.168.1.10:9995","{2dd3a2d3-e039-48c1-b15a-f31b16977a37}","1724203749083","1724316876819","1724203749083"
"http://172.168.1.10","root","#On3@dm!nI5tr4t0r",,"http://172.168.1.10","{b0e88cdb-cf8b-46e2-bfcb-4baa00dacfaf}","1724204816524","1724316706018","1724204816524"
"http://172.168.1.10:9995","admin","admin",,"http://172.168.1.10:9995","{4803195d-74fe-42b4-9d28-f95ff480ab73}","1724294393274","1724294726208","1724294393274"
"http://ctf2.h4g.local","CSU Eagles | Jaren","3J55%#kcJm_3",,"http://ctf2.h4g.local","{cc2005c2-5485-4689-8be3-4b6544f3cf05}","1724898150209","1724914306139","1724898150209"
"http://tplinkmifi.net","","@l03e1t3",,"http://tplinkmifi.net","{68cc0e53-c61f-4aad-a4da-5bb08eeb1c02}","1725149454042","1725149454042","1725149454042"
"http://192.168.1.1","admin","@L03e1t3",,"http://192.168.1.1","{75da2bb7-d2e4-4903-9792-3e3cc90a2a0a}","1726475880891","1726479515754","1726476211410"
"http://192.168.1.1","fiberhomesuperadmin","sfuhgu",,"http://192.168.1.1","{73b6d363-bffe-4ea0-a14f-732ea77651ce}","1726478163556","1726480935605","1726478163556"
"http://192.168.1.1","adminpldt","6GFJdY4aAuUKJjdtSn7dC2x",,"http://192.168.1.1","{f7203944-fb33-4430-b135-6600b01bad11}","1726478437255","1726481024453","1726478437255"
"http://192.168.1.2","adminpldt","6GFJdY4aAuUKJjdtSn7dC2x",,"http://192.168.1.2","{43128ebd-c69d-4bfc-9038-1630efb34abe}","1726479949584","1726479968456","1726479949584"
"http://192.168.1.2","admin","@L03e1t3",,"http://192.168.1.2","{cd2c4e57-1f8f-48c5-9b9d-82a43d087fad}","1726479959435","1726479959435","1726479959435"
"http://192.168.8.2","adminpldt","6GFJdY4aAuUKJjdtSn7dC2x",,"http://192.168.8.2","{ceeb1b64-8309-46b2-9b5d-dfc90768fc6b}","1726481401077","1726533348454","1726481401077"
"http://192.168.8.2","fiberhomesuperadmin","sfuhgu",,"http://192.168.8.2","{d5ed5d93-7bfd-42cc-a2dc-bde0d3c05cae}","1726492088201","1726497792915","1726492088201"
"http://192.168.8.1","86400","Bj58nqfe",,"http://192.168.8.1","{ec71efa1-1473-4b3e-badc-0590ec3a1574}","1726492819063","1726492847458","1726492819063"
"http://192.168.8.2","admin","@L03e1t3",,"http://192.168.8.2","{288aef09-e314-4bd1-863f-c4a76d8c6b75}","1726497621633","1726497674031","1726497621633"
"https://dost02record.sg3.quickconnect.to","jquegan","@L03e1t3",,"https://dost02record.sg3.quickconnect.to","{10765827-acfe-4097-99a2-4eaa42a73651}","1726757686476","1726757819535","1726757686476"